Francoise,Rautenstrauch,519-569-8399,francoise.rautenstrauch@rautenstrauch.com
Kendra,Loud,506-363-1526,kloud@gmail.com
Lourdes,Bauswell,613-903-7043,lourdes_bauswell@aol.com
Hannah,Edmison,604-334-3686,hannah@yahoo.com
Tom,Loeza,514-487-6096,tom.loeza@gmail.com
Queenie,Kramarczyk,306-421-5793,queenie.kramarczyk@kramarczyk.org
Hui,Portaro,506-827-7755,hui_portaro@cox.net
Josefa,Opitz,519-788-7645,josefa.opitz@opitz.org
Lea,Steinhaus,905-618-8258,lsteinhaus@cox.net
Paola,Vielma,905-456-1117,paola_vielma@aol.com
Hortencia,Bresser,902-256-6791,hbresser@aol.com
Leanna,Tijerina,416-719-2114,leanna@cox.net
Danilo,Pride,403-212-4945,danilo_pride@hotmail.com
Huey,Marcille,780-639-3619,huey.marcille@gmail.com
Apolonia,Warne,506-978-1488,apolonia@gmail.com
Chandra,Lagos,416-716-6446,chandra.lagos@lagos.org
Crissy,Pacholec,705-477-2307,crissy@aol.com
Gianna,Branin,403-337-7162,gianna@aol.com
Valentin,Billa,306-291-5073,vbilla@yahoo.com
Ilona,Dudash,819-536-7034,idudash@dudash.com
Willard,Lablanc,780-384-5410,wlablanc@yahoo.com
Lauryn,Randol,604-236-4625,lauryn@yahoo.com
Laurena,Begin,519-790-8660,laurena.begin@begin.com
Elise,Michelle,905-652-4509,elise@gmail.com
Corrie,Kardell,514-203-7817,corrie_kardell@aol.com
Kimberely,Rabuse,519-912-5533,kimberely.rabuse@cox.net
Tish,Violett,450-840-7605,tish.violett@violett.com
Hollis,Stanfield,780-574-5620,hollis.stanfield@aol.com
Andree,Christmann,519-872-6826,andree.christmann@cox.net
Lyla,Fucillo,902-844-1174,lyla_fucillo@cox.net
Felton,Yafuso,613-749-1169,felton.yafuso@gmail.com
Dell,Polino,819-255-1725,dell_polino@polino.com
Nohemi,Leko,705-838-9265,nohemi@aol.com
Tambra,Lembke,250-353-7479,tlembke@lembke.org
Vicki,Maikoksoong,604-231-6180,vicki@gmail.com
Renato,Airhart,403-444-2250,renato_airhart@hotmail.com
Lenita,Darbro,250-749-4517,lenita@yahoo.com
Barney,Hagen,450-526-5424,barney@yahoo.com
Matthew,Armacost,705-417-7221,matthew_armacost@gmail.com
Belen,Nelton,250-768-5812,bnelton@gmail.com
Iesha,Wardle,416-989-2001,iesha@gmail.com
Francesco,Sarchet,306-524-4509,francesco@hotmail.com
Paulene,Rhule,418-348-2107,paulene_rhule@rhule.org
Carole,Hughlett,604-262-8556,carole_hughlett@hughlett.com
Miss,Dunning,306-508-8874,mdunning@gmail.com
Elfrieda,Hinsch,250-454-9384,elfrieda_hinsch@hinsch.org
Edelmira,Calzado,306-611-7185,edelmira@hotmail.com
Jaime,Wasurick,450-531-8633,jaime_wasurick@hotmail.com
Lera,Hua,506-556-4300,lhua@aol.com
Jame,Mastro,519-920-7003,jmastro@aol.com
Jillian,Hailstone,905-864-2257,jhailstone@yahoo.com
Louis,Zarling,418-568-3216,louis@zarling.com
Emmett,Mcshaw,705-581-1220,emmett_mcshaw@cox.net
Tammy,Sams,250-226-1002,tammy_sams@sams.com
Willis,Wylie,418-833-1949,willis@yahoo.com
Maxima,Brzozowski,905-569-6732,mbrzozowski@aol.com
Boris,Latif,418-459-4884,boris.latif@latif.com
Salina,Knavel,613-280-7170,salina.knavel@gmail.com
Justa,Dini,250-982-9377,justa.dini@hotmail.com
Amalia,Wolfgang,519-219-3608,amalia_wolfgang@wolfgang.org
Felix,Tutterrow,519-426-7161,ftutterrow@tutterrow.org
Eura,Mcglocklin,306-979-2571,eura@mcglocklin.org
Lang,Heuring,519-985-7311,lang@cox.net
Agustin,Lakatos,819-365-5394,agustin.lakatos@hotmail.com
Jaime,Lowrance,204-438-6204,jaime.lowrance@lowrance.org
Carman,Gudiel,709-366-8943,carman@gmail.com
Argelia,Hofbauer,604-823-2881,argelia.hofbauer@cox.net
Mammie,Cisney,514-205-4258,mammie@cox.net
Rashad,Menino,613-697-2555,rashad.menino@menino.com
Janna,Bastain,604-575-7837,janna@bastain.com
Callie,Neikirk,905-465-6909,callie.neikirk@neikirk.org
Coral,Helmcamp,416-589-6075,coral.helmcamp@helmcamp.org
Xenia,Mushero,613-714-1829,xenia@aol.com
Adelle,Nitcher,905-998-3758,anitcher@aol.com
Hildegarde,Wehrwein,604-960-7463,hwehrwein@gmail.com
Phuong,Sugai,450-501-4406,psugai@gmail.com
Leontine,Lafoy,418-271-8667,llafoy@aol.com
Darell,Mcalarney,905-846-7737,darell_mcalarney@mcalarney.com
Madonna,Landman,250-307-7698,madonna.landman@landman.com
Chuck,Berggren,709-534-6576,chuck@gmail.com
Gregg,Epperheimer,514-302-4158,gepperheimer@aol.com
Yan,Bubrig,506-493-4894,yan@cox.net
Stephanie,Garlett,613-557-7338,stephanie.garlett@gmail.com
Alberto,Stenquist,905-435-9456,alberto_stenquist@stenquist.org
Wayne,Shivers,418-374-1965,wayne@aol.com
Kristal,Bothe,709-976-5766,kristal@hotmail.com
Florencia,Stadel,519-961-7871,fstadel@gmail.com
Darrin,Tumolillo,306-748-5721,darrin@tumolillo.com
Freeman,Rudig,450-347-6388,freeman@yahoo.com
Lazaro,Mollison,450-356-6427,lazaro@gmail.com
Ellsworth,Rieg,613-862-4724,erieg@hotmail.com
Brinda,Mrkvicka,506-392-8334,brinda.mrkvicka@gmail.com
Florinda,Mackedanz,506-230-8075,florinda_mackedanz@mackedanz.org
Nadine,Swartzbeck,450-353-2331,nadine_swartzbeck@swartzbeck.org
Arlette,Torchio,514-459-6883,arlette_torchio@hotmail.com
Adolph,Krivanec,416-736-1436,akrivanec@hotmail.com
Georgiana,Colbath,450-409-1254,gcolbath@hotmail.com
Rana,Lehn,905-286-8285,rlehn@yahoo.com
Chi,Morgan,418-922-5578,chi@gmail.com
Starr,Prothro,418-811-3750,sprothro@prothro.com
Glennis,Roseum,204-514-9319,glennis.roseum@gmail.com
Thea,Petermeier,418-360-6739,thea@hotmail.com
Rosalind,Persechino,613-975-5760,rosalind.persechino@aol.com
Shenika,Tapian,613-219-1869,shenika.tapian@aol.com
Veta,Vandeberg,506-996-1241,vvandeberg@gmail.com
Herschel,Geneseo,416-786-7887,herschel@geneseo.com
Dianne,Tomasic,902-938-6891,dianne@yahoo.com
Micah,Gerten,709-581-5842,micah@cox.net
Kaycee,Alaibilla,604-992-6045,kaycee.alaibilla@yahoo.com
Tesha,Brang,514-432-5290,tesha@aol.com
Marya,Chhour,403-382-4146,marya@cox.net
Ronnie,Kettelle,902-367-7042,ronnie_kettelle@aol.com
Mabel,Fower,418-339-7473,mabel_fower@fower.com
Harley,Works,519-913-7772,harley@cox.net
Joye,Nedman,306-991-3698,joye@cox.net
Luisa,Harnish,604-399-1449,lharnish@harnish.com
Stacey,Lortz,416-310-1610,stacey_lortz@aol.com
Reyes,Mesmer,905-402-9203,reyes@mesmer.org
Avery,Demus,604-548-4412,avery.demus@aol.com
Colby,Scotts,705-668-5094,cscotts@aol.com
Afton,Wrinkle,613-851-7883,awrinkle@wrinkle.org
India,Sifford,416-866-6707,isifford@sifford.org
Brunilda,Coin,506-327-7460,brunilda_coin@aol.com
Jenifer,Emanuel,250-947-2063,jemanuel@emanuel.com
Makeda,Nosis,416-827-4082,makeda.nosis@yahoo.com
Vivan,Oppy,306-325-3090,voppy@gmail.com
Eric,Gazzola,418-274-7373,eric@cox.net
Thersa,Davirro,250-540-5275,thersa.davirro@aol.com
Mindy,Presnal,604-213-8721,mpresnal@yahoo.com
Luis,Metzner,819-860-8913,lmetzner@metzner.org
Dawne,Mcloud,905-760-9649,dmcloud@cox.net
Karrie,Kinikini,250-384-7658,karrie_kinikini@kinikini.org
Mozelle,Hermon,506-573-3112,mozelle_hermon@cox.net
Mila,Hair,514-945-2978,mhair@cox.net
Gilma,Jefferys,902-804-8543,gjefferys@aol.com
Armanda,Mcduffie,450-866-7181,armanda.mcduffie@hotmail.com
Vonda,Normandeau,450-706-3809,vonda@yahoo.com
Truman,Mondale,705-757-7389,truman.mondale@aol.com
Elvis,Tenuta,403-415-1285,elvis_tenuta@tenuta.org
Loise,Dedaj,306-964-9291,loise@aol.com
Jannette,Pedder,604-953-5335,jpedder@pedder.com
Margo,Rand,905-781-3868,margo@rand.org
Dahlia,Benett,418-344-9993,dahlia_benett@aol.com
Dominga,Mckeon,819-627-1581,dominga_mckeon@yahoo.com
Hollis,Keomuangtai,905-928-5294,hollis.keomuangtai@cox.net
Carry,Ziller,519-847-8783,carry@cox.net
Bong,Fears,514-308-1992,bfears@fears.org
Yolande,Staiano,613-700-7712,yolande_staiano@gmail.com
Lottie,Hegdahl,905-638-1034,lottie_hegdahl@aol.com
Jose,Kylish,514-211-3774,jose.kylish@aol.com
Tuyet,Abramovitz,905-790-7938,tuyet.abramovitz@abramovitz.com
Pearline,Provenzano,905-734-9102,pearline.provenzano@provenzano.org
Robt,Hankison,418-874-8104,robt_hankison@cox.net
Shawnee,Kesten,902-208-1038,shawnee@yahoo.com
Lacresha,Quinones,450-213-1080,lacresha@hotmail.com
Basilia,Vinroe,418-386-6120,basilia.vinroe@gmail.com
Aleisha,Areizaga,418-408-1640,aareizaga@hotmail.com
Frank,Tryninewski,306-653-1772,ftryninewski@gmail.com
Ria,Steinhorst,418-319-1374,ria.steinhorst@steinhorst.com
Carla,Kallenberger,519-646-7797,carla@aol.com
Lashanda,Skahan,506-497-2698,lashanda.skahan@aol.com
Jarod,Catalina,705-369-2146,jcatalina@aol.com
Leoma,Rabago,250-810-7815,leoma.rabago@hotmail.com
Yasuko,Greeves,250-891-6910,ygreeves@cox.net
Jimmie,Snelling,905-772-1416,jimmie.snelling@gmail.com
Titus,Dugre,819-983-1846,titus.dugre@dugre.org
Joanne,Teoh,905-219-6895,joanne@yahoo.com
Suzi,Groom,604-700-2946,suzi.groom@groom.org
Denny,Amazan,604-239-4105,denny@amazan.com
Willie,Coughlan,819-869-6389,willie@aol.com
Margurite,Brake,519-476-5983,margurite.brake@yahoo.com
Arlen,Romack,506-218-3036,arlen.romack@yahoo.com
Shaniqua,Corna,416-573-9093,shaniqua@yahoo.com
William,Boccard,514-606-4631,william@gmail.com
Silva,Riviere,514-319-4125,silva.riviere@riviere.org
Gearldine,Haberle,403-810-3712,gearldine_haberle@hotmail.com
Azalee,Aja,450-515-9694,azalee.aja@cox.net
Kimbery,Plikerd,250-504-9388,kimbery.plikerd@cox.net
Ricarda,Kratt,902-614-2197,rkratt@yahoo.com
Macy,Massay,204-656-8450,macy@hotmail.com
Carol,Normington,418-540-2207,carol@gmail.com
Blythe,Czaplinski,403-775-4053,blythe_czaplinski@czaplinski.com
Tanesha,Tesseneer,416-568-3388,tanesha_tesseneer@hotmail.com
Yaeko,Orndoff,519-625-4433,yaeko_orndoff@orndoff.org
Broderick,Lorenz,306-285-1574,broderick_lorenz@hotmail.com
Twila,Shadle,250-862-6746,tshadle@shadle.com
Sarina,Pead,905-696-6221,spead@cox.net
Candra,Peets,705-799-1235,candra@hotmail.com
Von,Aprigliano,604-986-3233,von@aol.com
Natalya,Verso,519-736-9305,natalya_verso@yahoo.com
Stanton,Rigazio,416-801-7398,srigazio@rigazio.org
Dona,Larner,416-884-9104,dona@hotmail.com
Cortney,Choice,450-339-6016,cortney.choice@choice.com
Ira,Betterton,902-240-7029,ira.betterton@yahoo.com
Vanna,Pickle,905-309-4565,vanna_pickle@aol.com
Bo,Sabota,204-210-4967,bo_sabota@sabota.com
Nathalie,Corners,705-736-4801,nathalie_corners@corners.org
Rodney,Lockamy,613-273-5773,rodney_lockamy@aol.com
Elena,Hairr,709-399-4807,ehairr@hotmail.com
Blossom,Kraatz,416-631-1863,blossom_kraatz@kraatz.org
Loreen,Griepentrog,613-684-4467,loreen_griepentrog@aol.com
Tayna,Keirnan,705-655-5936,tayna_keirnan@gmail.com
Nieves,Planty,705-616-5386,nplanty@gmail.com
Glenn,Robinault,514-330-5479,glenn.robinault@cox.net
Julianna,Racer,506-752-6097,jracer@cox.net
Ashton,Nitchals,905-725-6769,ashton@cox.net
Shaun,Scovil,905-907-6615,shaun_scovil@aol.com
Long,Shintaku,450-771-5010,long.shintaku@shintaku.org
Vinnie,Meir,416-862-7028,vmeir@meir.com
Lucia,Flipp,416-870-8070,lucia@aol.com
Corazon,Ivaska,306-333-8933,corazon@ivaska.org
Jaime,Perugini,514-950-4495,jaime_perugini@perugini.com
Miriam,Stakes,905-441-5009,miriam.stakes@yahoo.com
Vallie,Nigl,604-848-3170,vallie@yahoo.com
Sheldon,Isachsen,902-330-7314,sheldon@isachsen.org
Nickie,Balonek,604-556-1080,nickie.balonek@balonek.com
Fletcher,Caneles,905-992-1637,fcaneles@caneles.com
Rutha,Eisert,905-468-2503,rutha@eisert.com
Brandon,Geigel,604-940-9313,bgeigel@gmail.com
Franchesca,Lamme,902-715-9684,franchesca_lamme@yahoo.com
Lorriane,Naddeo,250-544-1482,lorriane.naddeo@naddeo.org
Asuncion,Berson,204-318-1929,aberson@aol.com
Georgiann,Hoerter,819-632-2869,georgiann_hoerter@hoerter.com
Hershel,Bultron,519-844-4835,hershel_bultron@bultron.org
Chu,Collopy,819-677-1206,chu@aol.com
Bettina,Vosmus,604-752-9256,bettina@hotmail.com
Lynsey,Sport,604-525-6939,lynsey.sport@aol.com
Phil,Kuechler,418-940-4070,phil_kuechler@gmail.com
Cordelia,Nicks,905-975-4308,cnicks@nicks.org
Georgeanna,Marrano,905-366-7378,gmarrano@gmail.com
Rosendo,Lanter,306-700-6743,rosendo@hotmail.com
Jerilyn,Norcia,519-978-7661,jerilyn@hotmail.com
Elfriede,Bakeley,506-404-8558,ebakeley@bakeley.com
Harris,Sheck,514-257-9319,harris@cox.net
Leonor,Beilinson,613-338-5158,leonor.beilinson@hotmail.com
Terrilyn,Waska,819-670-6020,terrilyn_waska@hotmail.com
Maddie,Foulds,514-874-9519,maddie@hotmail.com
Melynda,Anstead,450-470-3593,melynda@hotmail.com
Odette,Thigpen,709-744-4165,othigpen@thigpen.com
Steffanie,Meinen,514-964-9106,steffanie.meinen@cox.net
Antonette,Stimac,519-670-5269,antonette_stimac@stimac.org
Thora,Daneker,819-648-4049,tdaneker@daneker.com
Nada,Massanet,604-570-1494,nmassanet@yahoo.com
Ivette,Dills,902-244-5318,idills@cox.net
Devon,Delacerda,250-525-4631,devon@hotmail.com
Lon,Tibbles,905-233-1845,lon.tibbles@cox.net
Tennie,Santanna,819-261-5496,tennie@aol.com
Fidelia,Vilven,416-892-4321,fvilven@vilven.org
Michal,Gunyan,418-399-6819,michal_gunyan@gunyan.com
Enola,Yandow,902-539-1621,eyandow@cox.net
Meghann,Mamudoski,902-348-8759,meghann@cox.net
Latanya,Mattia,204-649-9481,lmattia@yahoo.com
Chandra,Firlik,905-451-3719,chandra@gmail.com
Barney,Dewer,902-287-1148,bdewer@gmail.com
Ocie,Chreene,613-756-9548,ocie.chreene@aol.com
Precious,Dubray,705-607-6992,precious.dubray@dubray.com
Sanda,Laramie,250-700-8923,slaramie@laramie.org
Gaynell,Benavente,807-284-2501,gaynell@hotmail.com
Bethanie,Cutsforth,519-328-4250,bethanie_cutsforth@cutsforth.org
Yvette,Capiga,403-919-6456,yvette.capiga@yahoo.com
Alana,Blackmon,416-386-8947,ablackmon@gmail.com
Lakeesha,Beachel,604-352-7502,lakeesha_beachel@aol.com
Ailene,Friedman,506-907-7068,ailene@yahoo.com
Valene,Madson,418-646-3844,valene@madson.org
Floyd,Bub,416-557-9767,fbub@bub.com
Josue,Hatherly,416-337-2239,jhatherly@hatherly.org
Johnathon,Wadden,705-646-2781,johnathon_wadden@hotmail.com
Kenneth,Drizin,819-999-6396,kdrizin@aol.com
Leila,Titzer,403-733-8035,leila_titzer@aol.com
Marquetta,Quinlisk,514-950-3156,marquetta_quinlisk@aol.com
Annamae,Beliles,604-877-2244,abeliles@gmail.com
An,Dosal,819-324-8832,adosal@hotmail.com
Karina,Cortesi,450-252-9611,karina_cortesi@hotmail.com
Otis,Luong,519-739-4515,oluong@gmail.com
Brendan,Kasperek,604-947-9315,brendan_kasperek@yahoo.com
Keith,Evartt,506-229-5393,kevartt@evartt.com
Paulina,Arand,204-636-8766,paulina_arand@cox.net
Cherelle,Welschmeyer,519-322-9933,cherelle@hotmail.com
Percy,Neelon,418-537-1430,percy_neelon@cox.net
Margot,Storrs,905-309-5010,mstorrs@cox.net
Paris,Bellis,519-909-5933,paris@gmail.com
Sina,Masiejczyk,416-369-7013,smasiejczyk@cox.net
Kimi,Selfe,418-795-3880,kimi@cox.net
Chun,Richrdson,306-245-2534,chun_richrdson@richrdson.org
Lelia,Thiemann,250-671-3851,lelia.thiemann@yahoo.com
Cordell,Zinda,819-508-6057,cordell_zinda@cox.net
Dorothy,Aitken,905-554-3838,dorothy.aitken@cox.net
Chauncey,Mcelreath,613-908-7090,chauncey.mcelreath@yahoo.com
Tenesha,Stropko,506-629-6209,tenesha.stropko@aol.com
Anjelica,Lovero,902-386-1443,anjelica@lovero.org
Olga,Adessa,905-775-6413,oadessa@cox.net
Monte,Tindal,450-637-6499,monte@cox.net
Pamela,Mccoskey,450-282-1236,pamela.mccoskey@gmail.com
Toshia,Lippoldt,418-759-7863,toshia_lippoldt@aol.com
Polly,Sandusky,905-705-6018,polly.sandusky@cox.net
Judy,Boerboom,709-560-7848,jboerboom@boerboom.com
Celestine,Pritt,613-875-3120,celestine_pritt@cox.net
Murray,Fode,514-921-5562,mfode@yahoo.com
Shoshana,Courter,519-396-2906,shoshana@courter.org
Glendora,Pezley,780-508-2609,glendora.pezley@cox.net
Carlene,Kana,519-930-5055,ckana@kana.com
Adria,Gilliam,905-563-9396,adria_gilliam@cox.net
Paola,Perkins,780-573-8903,paola.perkins@aol.com
Elina,Maury,416-582-4379,elina.maury@hotmail.com
Emile,Dorio,450-529-3773,edorio@cox.net
Zoila,Lannigan,416-322-9207,zlannigan@aol.com
Yong,Yestramski,519-344-3979,yong_yestramski@aol.com
Leontine,Stalma,519-641-7145,lstalma@stalma.org
Troy,Dicus,613-938-7999,troy_dicus@yahoo.com
Annamaria,Vanhuss,905-495-3301,annamaria.vanhuss@cox.net
Dorothea,Lowther,705-793-4986,dorothea_lowther@yahoo.com
Marion,Letran,819-966-7240,marion_letran@cox.net
Avery,Masso,902-588-8947,avery.masso@hotmail.com
Trinidad,Bredernitz,514-561-2312,trinidad@yahoo.com
Herminia,Penso,780-740-5294,hpenso@cox.net
Val,Bigaud,514-726-2573,val_bigaud@aol.com
Renay,Oviedo,416-336-6767,renay.oviedo@oviedo.com
Buck,Kotow,807-668-2676,buck_kotow@aol.com
Toi,Rollison,450-714-2875,toi_rollison@rollison.com
Shanice,Pennel,613-850-3405,shanice.pennel@pennel.org
Oliva,Ramerez,403-690-1059,oramerez@yahoo.com
Tamera,Crocker,780-833-7024,tcrocker@cox.net
Melvin,Rather,819-418-3496,melvin.rather@aol.com
Essie,Fitzke,506-785-2719,essie_fitzke@fitzke.org
Shay,Knieper,450-806-3050,shay.knieper@gmail.com
Ruby,Sensibaugh,604-553-2468,ruby@sensibaugh.com
Caren,Doscher,403-344-3614,cdoscher@doscher.org
Frank,Amend,519-823-9369,frank@yahoo.com
Lasandra,Frisinger,604-210-7413,lfrisinger@cox.net
Sommer,Frere,450-777-9643,sfrere@yahoo.com
Gretchen,Mckeon,250-617-7197,gretchen.mckeon@gmail.com
Providencia,Marien,613-256-5226,providencia.marien@marien.com
Lindsey,Arnoldi,250-387-4636,larnoldi@arnoldi.com
Romana,Riesgraf,506-310-3728,romana_riesgraf@hotmail.com
Nobuko,Logwood,519-739-4745,nobuko.logwood@cox.net
Shawnna,Arredondo,613-996-1062,sarredondo@arredondo.com
Doyle,Hathcox,250-227-4140,doyle.hathcox@aol.com
Jacinta,Deppen,250-203-5054,jdeppen@cox.net
Tawanna,Kuamoo,418-734-9693,tawanna_kuamoo@gmail.com
Christa,Cloutier,403-461-2407,ccloutier@hotmail.com
Noe,Kotz,250-901-1245,nkotz@kotz.org
Ellen,Fajen,780-720-7927,ellen.fajen@aol.com
Tequila,Pelletier,905-692-6934,tequila_pelletier@cox.net
Tawny,Bonventre,604-632-4346,tbonventre@aol.com
Rosalyn,Mcspedon,613-362-7798,rosalyn.mcspedon@mcspedon.org
Noble,Miyata,519-346-6651,noble_miyata@gmail.com
Lucille,Hubbell,250-904-7361,lhubbell@yahoo.com
Azzie,Tuazon,905-208-4039,azzie.tuazon@hotmail.com
Darci,Arau,819-294-4679,darci@cox.net
King,Suman,418-470-4541,king@cox.net
Denny,Zeanah,514-224-2722,denny_zeanah@zeanah.com
Anissa,Frayer,604-925-4225,afrayer@frayer.com
Rosann,Heinricher,450-474-6397,rosann_heinricher@heinricher.com
Jeannine,Rippy,902-811-1450,jeannine_rippy@rippy.com
Lashaun,Casteneda,780-751-5370,lashaun.casteneda@casteneda.com
Miesha,Walen,705-646-4992,miesha@aol.com
Marva,Kountz,416-494-3939,marva@gmail.com
Dion,Lamastus,418-212-6756,dion_lamastus@lamastus.com
Hassie,Sarkin,902-210-1513,hassie_sarkin@aol.com
Jin,Perry,416-463-6411,jin_perry@gmail.com
Demetra,Peth,819-858-7901,demetra_peth@aol.com
Irene,Benauides,506-251-3150,irene.benauides@gmail.com
Colton,Pesqueira,905-796-8265,cpesqueira@hotmail.com
William,Cilento,403-251-6126,william.cilento@gmail.com
Shannan,Cupit,416-266-5891,shannan@cox.net
Shelba,Kast,902-654-7334,shelba.kast@yahoo.com
Dorcas,Diebold,905-860-8703,dorcas_diebold@diebold.com
Rochell,Wetherby,418-362-9768,rwetherby@wetherby.org
Amber,Windell,604-864-2113,amber.windell@cox.net
Stefanie,Prinkey,604-833-9067,stefanie_prinkey@prinkey.org
Kenia,Sharples,403-341-7208,kenia_sharples@hotmail.com
Jacquline,Libbey,418-682-7368,jacquline@cox.net
Lavina,Michelet,514-842-3549,lavina.michelet@michelet.org
Billi,Kazar,604-458-2387,bkazar@hotmail.com
Aron,Leuthold,604-637-3549,aron_leuthold@leuthold.com
Annice,Tartar,819-342-1651,atartar@cox.net
Hyun,Zarazua,519-287-4120,hyun_zarazua@cox.net
Shala,Ogle,418-823-9061,shala_ogle@ogle.org
Shasta,Canonico,705-531-2796,shasta_canonico@aol.com
Wenona,Braseth,450-751-1928,wenona.braseth@braseth.org
Marla,Gallati,514-872-9323,mgallati@gmail.com
Myra,Palenik,418-930-7475,myra_palenik@palenik.com
Lawanda,Jacocks,250-226-8113,lawanda.jacocks@gmail.com
Curt,Kohlman,306-739-3437,ckohlman@hotmail.com
Susy,Finstad,403-571-8756,sfinstad@aol.com
Kathrine,Kaper,902-500-1564,kkaper@aol.com
Oneida,Pospishil,819-511-9240,opospishil@aol.com
Allene,Perera,416-681-6822,allene@yahoo.com
Leonardo,Leahman,403-328-5056,leonardo@aol.com
Nakisha,Russi,403-513-9660,nakisha_russi@russi.com
Stephanie,Rolling,306-510-5011,srolling@rolling.org
Florinda,Haycock,819-820-6568,florinda_haycock@cox.net
Merri,Geberth,204-894-9221,merri.geberth@geberth.com
Malcom,Vereen,519-334-1058,malcom.vereen@yahoo.com
Louvenia,Abney,306-256-9309,louvenia_abney@hotmail.com
Alita,Borlace,807-289-5397,alita_borlace@yahoo.com
Noemi,Ill,705-414-4712,noemi_ill@ill.com
Nydia,Ancar,780-924-8022,nydia.ancar@ancar.com
Hana,Meisel,403-696-7108,hana.meisel@yahoo.com
Noel,Marrazzo,780-447-2249,noel@cox.net
Brice,Rowe,613-631-9322,brice_rowe@aol.com
Nguyet,Kitchens,403-883-4097,nguyet_kitchens@yahoo.com
Janae,Mair,905-501-5086,janae_mair@cox.net
Darrel,Makley,506-839-5378,dmakley@yahoo.com
Genevieve,Milionis,705-467-4142,genevieve.milionis@hotmail.com
Giovanna,Bacho,604-203-8085,giovanna@cox.net
Shelton,Spannuth,204-364-5889,shelton.spannuth@yahoo.com
Alison,Mahlum,613-862-3122,alison_mahlum@hotmail.com
Maynard,Zufall,604-875-7745,mzufall@gmail.com
Timothy,Bussert,416-521-5624,timothy@bussert.com
Viola,Eddens,506-772-3108,veddens@eddens.org
Luann,Michon,514-578-7262,luann@cox.net
Mable,Goerke,416-867-5879,mable_goerke@cox.net
Sabine,Kaea,905-586-1138,sabine@gmail.com
Dolores,Moltz,506-216-2028,dolores@yahoo.com
Hannah,Suero,905-543-3967,hsuero@yahoo.com
Sonia,Blan,709-512-6346,sblan@blan.com
Cletus,Stapels,780-674-7330,cletus_stapels@cox.net
Asha,Zoldak,418-470-9730,asha_zoldak@hotmail.com
Verlene,Billow,905-486-5455,vbillow@billow.com
Yesenia,Giglio,506-858-9797,yesenia@cox.net
Tayna,Sine,905-334-8817,tayna_sine@sine.com
Verona,Jobst,514-842-7487,verona_jobst@jobst.org
Denae,Eggers,204-341-2445,denae_eggers@gmail.com
Rikki,Montalgo,514-472-6857,rikki@montalgo.com
Nan,Weekly,519-928-8049,nan@weekly.com
Sherell,Despain,604-344-4458,sdespain@hotmail.com
Coral,Brennick,450-480-7421,coral.brennick@brennick.com
Phyliss,Huelse,403-540-2604,phyliss_huelse@aol.com
Jesse,Wida,905-356-4735,jesse@wida.com
Latonia,Helander,905-723-5674,latonia@helander.com
Aimee,Clozza,613-804-8102,aimee_clozza@clozza.org
Marcelle,Staie,905-817-1934,marcelle_staie@aol.com
Ilda,Schuring,780-830-2958,ilda_schuring@schuring.com
Aileen,Klukken,416-390-4510,aklukken@klukken.com
Davida,Zeng,450-375-8192,davida_zeng@yahoo.com
Beata,Rubarts,250-808-6765,beata_rubarts@aol.com
Angelyn,Wieand,905-838-3914,angelyn_wieand@wieand.com
Claudio,Hummell,403-481-8843,claudio_hummell@hotmail.com
Krystal,Twyman,416-712-8230,ktwyman@gmail.com
Adela,Echegoyen,604-571-8392,adela.echegoyen@echegoyen.org
Ryan,Phibbs,306-621-2626,rphibbs@gmail.com
Edmond,Buettner,450-829-7834,edmond_buettner@buettner.org
Catina,Emmert,807-652-2563,catina@gmail.com
Milly,Pattengale,780-799-6418,milly@hotmail.com
Jules,Erichsen,905-929-8054,jules@cox.net
Denna,Miklitz,450-409-1005,dmiklitz@yahoo.com
Willetta,Cesa,902-981-7382,willetta_cesa@gmail.com
Johna,Magathan,780-994-6272,jmagathan@magathan.org
Ollie,Oliverson,416-762-4001,ooliverson@cox.net
Sherly,Vitrano,902-480-3185,svitrano@hotmail.com
Kindra,Dishong,613-510-3295,kdishong@gmail.com
Vanda,Tentler,250-605-3501,vanda_tentler@tentler.org
Marshall,Fitgerald,403-918-5509,marshall_fitgerald@cox.net
Kelvin,Hasha,780-227-7373,khasha@hotmail.com
Darrin,Mathiasen,450-536-7426,dmathiasen@hotmail.com
Susana,Mccarley,519-491-9261,susana_mccarley@gmail.com
Wilson,Nickelson,416-376-7867,wilson_nickelson@aol.com
Malissa,Talty,506-724-2777,malissa@talty.org
Tandra,Castillanos,905-715-9339,tcastillanos@castillanos.com
Lorean,Sammon,306-854-5060,lorean@yahoo.com
Desirae,Oien,403-405-2804,desirae.oien@hotmail.com
Delsie,Cerao,506-795-5209,delsie.cerao@cerao.org
Mabel,Elmquist,204-285-3978,mabel_elmquist@elmquist.com
Marnie,Purslow,204-904-1386,marnie.purslow@purslow.com
Rene,Granier,403-438-9257,rene@cox.net
Trevor,Harnist,902-782-2576,trevor.harnist@hotmail.com
Sharmaine,Batdorf,506-839-1630,sharmaine_batdorf@batdorf.com
Ricki,Traux,514-657-1920,ricki.traux@traux.com
Bernadine,Shufelt,705-693-2982,bernadine_shufelt@shufelt.org
Shad,Reider,780-953-3852,shad_reider@aol.com
Kenneth,Degennaro,506-763-6456,kenneth.degennaro@aol.com
Marleen,Hennon,604-545-3662,marleen_hennon@aol.com
Joaquin,Geitner,403-640-8755,joaquin_geitner@cox.net
Slyvia,Stockham,418-913-7998,slyvia.stockham@aol.com
Kris,Bala,905-848-5458,kris_bala@gmail.com
Gussie,Diflorio,613-857-7922,gussie_diflorio@cox.net
Lavelle,Lillywhite,418-442-4179,lavelle.lillywhite@hotmail.com
Bev,Dermo,604-880-6351,bev.dermo@dermo.com
Bette,Digiovanni,519-882-6434,bette.digiovanni@digiovanni.org
Lajuana,Mccloud,450-272-6370,lajuana_mccloud@hotmail.com
Shakira,Westervelt,604-991-8721,swestervelt@westervelt.org
Matt,Nickolich,306-891-2346,matt@gmail.com
Clemencia,Momplaisir,514-804-3533,cmomplaisir@yahoo.com
Oliva,Ambert,506-672-7328,oambert@gmail.com
Ranee,Maye,450-700-5970,ranee_maye@maye.com
Ming,Eskew,250-228-6798,ming_eskew@eskew.com
Annice,Peckens,250-727-7309,apeckens@peckens.org
Effie,Frymark,519-433-4142,effie_frymark@gmail.com
Maricela,Conger,604-568-1899,mconger@aol.com
Esteban,Plantenberg,604-519-9547,esteban@cox.net
Doretha,Wykle,807-383-4855,doretha@yahoo.com
Dorsey,Neitzke,902-936-9426,dorsey_neitzke@hotmail.com
Amie,Okuniewski,613-686-9039,amie@yahoo.com
Bulah,Berkoff,519-309-5863,bulah.berkoff@cox.net
Erin,Delbosque,450-316-7813,erin@cox.net
Kassandra,Marushia,250-646-6446,kassandra@gmail.com
Leslee,Matsuno,418-460-5773,leslee_matsuno@matsuno.org
Daniel,Dobler,506-617-2607,ddobler@dobler.com
Antonio,Unruh,604-624-7690,antonio.unruh@hotmail.com